ano,indicador,valor,unidade,n_base
2021,Participação feminina entre gêneros Feminino/Masculino,18.7,%,2637
2021,Participação feminina - Junior,23.3,%,618
2021,Participação feminina - Pleno,19.97,%,656
2021,Participação feminina - Senior,16.26,%,578
2021,Remoto + Hibrido,86.13,%,2365
2022,Participação feminina entre gêneros Feminino/Masculino,24.85,%,4250
2022,Participação feminina - Junior,26.8,%,1015
2022,Participação feminina - Pleno,27.96,%,1055
2022,Participação feminina - Senior,20.87,%,896
2022,Remoto + Hibrido,84.24,%,3694
2023,Participação feminina entre gêneros Feminino/Masculino,24.54,%,5268
2023,Participação feminina - Junior,28.69,%,1042
2023,Participação feminina - Pleno,24.35,%,1384
2023,Participação feminina - Senior,21.73,%,1413
2023,Remoto + Hibrido,83.38,%,4753
